{
    "like1":{
       "bboxes":[
          [
             0.325,
             0.371875,
             0.24444444444444444,
             0.0703125
          ],
          [
             0.11203703703703703,
             0.8203125,
             0.25092592592592594,
             0.17083333333333334
          ]
       ],
       "labels":[
          "like",
          "no_gesture"
       ]
    },
    "like2":{
       "bboxes":[
          [
             0.40925925925925927,
             0.43020833333333336,
             0.25092592592592594,
             0.18333333333333332
          ]
       ],
       "labels":[
          "like"
       ]
    },
    "like3":{
       "bboxes":[
          [
             0.25,
             0.4125,
             0.2064814814814815,
             0.15677083333333333
          ]
       ],
       "labels":[
          "like"
       ]
    },
    "dislike1":{
       "bboxes":[
          [
             0.23703703703703705,
             0.21875,
             0.22592592592592592,
             0.16927083333333334
          ]
       ],
       "labels":[
          "dislike"
       ]
    },
    "dislike2":{
       "bboxes":[
          [
             0.35,
             0.3984375,
             0.30092592592592593,
             0.1765625
          ],
          [
             0.005555555555555556,
             0.8291666666666667,
             0.2574074074074074,
             0.16927083333333334
          ]
       ],
       "labels":[
          "dislike",
          "no_gesture"
       ]
    },
    "dislike3":{
       "bboxes":[
          [
             0.41944444444444445,
             0.28020833333333334,
             0.2351851851851852,
             0.165625
          ],
          [
             0.011111111111111112,
             0.8234375,
             0.26296296296296295,
             0.17083333333333334
          ]
       ],
       "labels":[
          "dislike",
          "no_gesture"
       ]
    },
    "stop1":{
       "bboxes":[
          [
             0.30925925925925923,
             0.29270833333333335,
             0.32314814814814813,
             0.2713541666666667
          ]
       ],
       "labels":[
          "stop"
       ]
    },
    "stop2":{
       "bboxes":[
          [
             0.512962962962963,
             0.3229166666666667,
             0.3138888888888889,
             0.22760416666666666
          ]
       ],
       "labels":[
          "stop"
       ]
    },
    "stop3":{
       "bboxes":[
          [
             0.3472222222222222,
             0.27708333333333335,
             0.27314814814814814,
             0.21354166666666666
          ]
       ],
       "labels":[
          "stop"
       ]
    },
    "rock1":{
       "bboxes":[
          [
             0.4722222222222222,
             0.30520833333333336,
             0.2759259259259259,
             0.19947916666666668
          ]
       ],
       "labels":[
          "rock"
       ]
    },
    "rock2":{
       "bboxes":[
          [
             0.6416666666666667,
             0.20104166666666667,
             0.25092592592592594,
             0.21145833333333333
          ]
       ],
       "labels":[
          "rock"
       ]
    },
    "rock3":{
       "bboxes":[
          [
             0.24351851851851852,
             0.2859375,
             0.25092592592592594,
             0.21875
          ]
       ],
       "labels":[
          "rock"
       ]
    },
    "peace1":{
       "bboxes":[
          [
             0.33796296296296297,
             0.3984375,
             0.2351851851851852,
             0.23645833333333333
          ]
       ],
       "labels":[
          "peace"
       ]
    },
    "peace2":{
       "bboxes":[
          [
             0.18981481481481483,
             0.19583333333333333,
             0.19722222222222222,
             0.20260416666666667
          ]
       ],
       "labels":[
          "peace"
       ]
    },
    "peace3":{
       "bboxes":[
          [
             0.600925925925926,
             0.1375,
             0.26944444444444443,
             0.22916666666666666
          ]
       ],
       "labels":[
          "peace"
       ]
    }
 }